"verse","reference"
"ദ്രവ്യാഗ്രഹം സകലവിധ ദോഷത്തിന്നും മൂലമല്ലോ. ഇതു ചിലർ കാംക്ഷിച്ചിട്ടു വിശ്വാസം വിട്ടുഴന്നു ബഹുദുഃഖങ്ങൾക്കു അധീനരായിത്തീർന്നിരിക്കുന്നു.","തിമൊഥെയൊസ്1 6:10"
"മുമ്പെ അവന്റെ രാജ്യവും നീതിയും അന്വേഷിപ്പിൻ; അതോടുകൂടെ ഇതൊക്കെയും നിങ്ങൾക്കു കിട്ടും.","മത്തായി 6:33"
"മനുഷ്യന്നു ദൈവത്തെ തോല്പിക്കാമോ? എങ്കിലും നിങ്ങൾ എന്നെ തോല്പിക്കുന്നു. എന്നാൽ നിങ്ങൾ: ഏതിൽ ഞങ്ങൾ നിന്നെ തോല്പിക്കുന്നു എന്നു ചോദിക്കുന്നു. ദശാംശത്തിലും വഴിപാടിലും തന്നേ. നിങ്ങൾ, ഈ ജാതി മുഴുവനും തന്നേ, എന്നെ തോല്പിക്കുന്നതുകൊണ്ടു നിങ്ങൾ ശാപഗ്രസ്തരാകുന്നു. എന്റെ ആലയത്തിൽ ആഹാരം ഉണ്ടാകേണ്ടതിന്നു നിങ്ങൾ ദശാംശം മുഴുവനും ഭണ്ഡാരത്തിലേക്കു കൊണ്ടുവരുവിൻ. ഞാൻ നിങ്ങൾക്കു ആകാശത്തിന്റെ കിളിവാതിലുകളെ തുറന്നു, സ്ഥലം പോരാതെവരുവോളം നിങ്ങളുടെമേൽ അനുഗ്രഹം പകരുകയില്ലയോ? എന്നിങ്ങനെ നിങ്ങൾ ഇതിനാൽ എന്നെ പരീക്ഷിപ്പിൻ എന്നു സൈന്യങ്ങളുടെ യഹോവ അരുളിച്ചെയ്യുന്നു.","മലാഖി 3:8-10"
"എന്റെ ദൈവമോ നിങ്ങളുടെ ബുദ്ധിമുട്ടു ഒക്കെയും മഹത്വത്തോടെ തന്റെ ധനത്തിന്നൊത്തവണ്ണം ക്രിസ്തുയേശുവിൽ പൂർണ്ണമായി തീർത്തുതരും.","ഫിലിപ്പിയർ 4:19"
"ഞാൻ ബാലനായിരുന്നു, വൃദ്ധനായിത്തീർന്നു; നീതിമാൻ തുണയില്ലാതിരിക്കുന്നതും അവന്റെ സന്തതി ആഹാരം ഇരക്കുന്നതും ഞാൻ കണ്ടിട്ടില്ല.","സങ്കീർത്തനങ്ങൾ 37:25"
"അവന്റെ ഇഷ്ടപ്രകാരം നാം എന്തെങ്കിലും അപേക്ഷിച്ചാൽ അവൻ നമ്മുടെ അപേക്ഷ കേൾക്കുന്നു എന്നുള്ളതു നമുക്കു അവനോടുള്ള ധൈര്യം ആകുന്നു. നാം എന്തു അപേക്ഷിച്ചാലും അവൻ നമ്മുടെ അപേക്ഷ കേൾക്കുന്നു എന്നറിയുന്നുവെങ്കിൽ അവനോടു കഴിച്ച അപേക്ഷ നമുക്കു ലഭിച്ചു എന്നും അറിയുന്നു.","1 യോഹന്നാൻ 5:14, 15"
"യഹോവ എന്റെ ഇടയനാകുന്നു; എനിക്കു മുട്ടുണ്ടാകയില്ല.","സങ്കീർത്തനങ്ങൾ 23:1"
"ബാലസിംഹങ്ങളും ഇരകിട്ടാതെ വിശന്നിരിക്കും; യഹോവയെ അന്വേഷിക്കുന്നവർക്കോ ഒരു നന്മെക്കും കുറവില്ല.","സങ്കീർത്തനങ്ങൾ 34:10"
"നമ്മുടെ രക്ഷയാകുന്ന ദൈവമായി, നാൾതോറും നമ്മുടെ ഭാരങ്ങളെ ചുമക്കുന്ന കർത്താവു വാഴ്ത്തപ്പെടുമാറാകട്ടെ. സേലാ.","സങ്കീർത്തനങ്ങൾ 68:19"
"മിസ്രയീംദേശത്തുനിന്നു നിന്നെ കൊണ്ടുവന്ന യഹോവയായ ഞാൻ നിന്റെ ദൈവം ആകുന്നു; നിന്റെ വായ് വിസ്താരത്തിൽ തുറക്ക; ഞാൻ അതിനെ നിറെക്കും.","സങ്കീർത്തനങ്ങൾ 81:10"
"യഹോവയായ ദൈവം സൂര്യനും പരിചയും ആകുന്നു; യഹോവ കൃപയും മഹത്വവും നല്കുന്നു; നേരോടെ നടക്കുന്നവർക്കു അവൻ ഒരു നന്മയും മുടക്കുകയില്ല.","സങ്കീർത്തനങ്ങൾ 84:11"
"വീഴുന്നവരെ ഒക്കെയും യഹോവ താങ്ങുന്നു; കുനിഞ്ഞിരിക്കുന്നവരെ ഒക്കെയും അവൻ നിവിർത്തുന്നു. എല്ലാവരുടെയും കണ്ണു നിന്നെ നോക്കി കാത്തിരിക്കുന്നു; നീ തത്സമയത്തു അവർക്കു ഭക്ഷണം കൊടുക്കുന്നു. നീ തൃക്കൈ തുറന്നു ജീവനുള്ളതിന്നൊക്കെയും പ്രസാദംകൊണ്ടു തൃപ്തിവരുത്തുന്നു.","സങ്കീർത്തനങ്ങൾ 145:15, 16"
"നീതിമാൻ വേണ്ടുവോളം ഭക്ഷിക്കുന്നു; ദുഷ്ടന്മാരുടെ വയറോ വിശന്നുകൊണ്ടിരിക്കും.","സദൃശ്യവാക്യങ്ങൾ 13:25"
"നിങ്ങൾ മനസ്സുവെച്ചു കേട്ടനുസരിക്കുന്നുവെങ്കിൽ ദേശത്തിലെ നന്മ അനുഭവിക്കും. മറുത്തു മത്സരിക്കുന്നു എങ്കിലോ നിങ്ങൾ വാളിന്നിരയായ്തീരും; യഹോവയുടെ വായ് അരുളിച്ചെയ്തിരിക്കുന്നു.","യെശയ്യാ 1:19, 20"
"ഞാൻ അവയെയും എന്റെ കുന്നിന്നും ചുറ്റുമുള്ള സ്ഥലങ്ങളെയും ഒരു അനുഗ്രഹമാക്കിവെക്കും; ഞാൻ തക്ക സമയത്തു മഴപെയ്യിക്കും; അതു അനുഗ്രഹകരമായ മഴ ആയിരിക്കും.","യേഹേസ്കേൽ 34:26"
"അവരോടു തുല്യരാകരുതു; നിങ്ങൾക്കു ആവശ്യമുള്ളതു ഇന്നതെന്നു നിങ്ങൾ യാചിക്കുംമുമ്പെ നിങ്ങളുടെ പിതാവു അറിയുന്നുവല്ലോ.","മത്തായി 6:8"
"യാചിപ്പിൻ എന്നാൽ നിങ്ങൾക്കു കിട്ടും; അന്വേഷിപ്പിൻ എന്നാൽ നിങ്ങൾ കണ്ടെത്തും; മുട്ടുവിൻ എന്നാൽ നിങ്ങൾക്കു തുറക്കും. യാചിക്കുന്ന ഏവന്നും ലഭിക്കുന്നു; അന്വേഷിക്കുന്നവൻ കണ്ടെത്തുന്നു; മുട്ടുന്നവന്നു തുറക്കും.","മത്തായി 7:7, 8"
"അങ്ങനെ ദോഷികളായ നിങ്ങൾ നിങ്ങളുടെ മക്കൾക്കു നല്ല ദാനങ്ങളെ കൊടുപ്പാൻ അറിയുന്നു എങ്കിൽ സ്വർഗ്ഗസ്ഥനായ നിങ്ങളുടെ പിതാവു തന്നോടു യാചിക്കുന്നവർക്കു നന്മ എത്ര അധികം കൊടുക്കും!","മത്തായി 7:11"
"നിങ്ങൾ വിശ്വസിച്ചുകൊണ്ടു പ്രാർത്ഥനയിൽ എന്തു യാചിച്ചാലും നിങ്ങൾക്കു ലഭിക്കും എന്നു ഉത്തരം പറഞ്ഞു.","മത്തായി 21:22"
"പിന്നെ അവൻ അവരോടു: “ഞാൻ നിങ്ങളെ മടിശ്ശീലയും പൊക്കണവും ചെരിപ്പും കൂടാതെ അയച്ചപ്പോൾ വല്ല കുറവുമുണ്ടായോ ” എന്നു ചോദിച്ചതിന്നു: ഒരു കുറവുമുണ്ടായില്ല എന്നു അവർ പറഞ്ഞു.","ലൂക്കോസ് 22:35"
"അതുപോലെ കർത്താവും സുവിശേഷം അറിയിക്കുന്നവർ സുവിശേഷത്താൽ ഉപജീവിക്കേണം എന്നു കല്പിച്ചിരിക്കുന്നു.","കൊരിന്ത്യർ1 9:14"
"അവന്റെ കല്പനകളെ നാം പ്രമാണിച്ചു അവന്നു പ്രസാദമുള്ളതു ചെയ്യുന്നതുകൊണ്ടു എന്തു യാചിച്ചാലും അവങ്കൽനിന്നു ലഭിക്കും.","1 യോഹന്നാൻ 3:22"
"യഹോവ എന്റെ വെളിച്ചവും എന്റെ രക്ഷയും ആകുന്നു; ഞാൻ ആരെ ഭയപ്പെടും? യഹോവ എന്റെ ജീവന്റെ ബലം; ഞാൻ ആരെ പേടിക്കും?അനർത്ഥദിവസത്തിൽ അവൻ തന്റെ കൂടാരത്തിൽ എന്നെ ഒളിപ്പിക്കും; തിരുനിവാസത്തിന്റെ മറവിൽ എന്നെ മറെക്കും; പാറമേൽ എന്നെ ഉയർത്തും.","സങ്കീർത്തനങ്ങൾ 27:1, 5"
"ഞാൻ യഹോവയോടു അപേക്ഷിച്ചു; അവൻ എനിക്കു ഉത്തരമരുളി എന്റെ സകലഭയങ്ങളിൽനിന്നും എന്നെ വിടുവിച്ചു.","സങ്കീർത്തനങ്ങൾ 34:4"
"എന്റെ വാക്കു കേൾക്കുന്നവനോ നിർഭയം വസിക്കയും ദോഷഭയം കൂടാതെ സ്വൈരമായിരിക്കയും ചെയ്യും.","സദൃശ്യവാക്യങ്ങൾ 1:33"
"മനോഭീതിയുള്ളവരോടു: ധൈര്യപ്പെടുവിൻ, ഭയപ്പെടേണ്ടാ; ഇതാ, നിങ്ങളുടെ ദൈവം! പ്രതികാരവും ദൈവത്തിന്റെ പ്രതിഫലവും വരുന്നു! അവൻ വന്നു നിങ്ങളെ രക്ഷിക്കും എന്നു പറവിൻ.","യെശയ്യാ 35:4"
"ഞാൻ നിന്നോടുകൂടെ ഉണ്ടു; ഭ്രമിച്ചുനോക്കേണ്ടാ, ഞാൻ നിന്റെ ദൈവം ആകുന്നു; ഞാൻ നിന്നെ ശക്തീകരിക്കും; ഞാൻ നിന്നെ സഹായിക്കും; എന്റെ നീതിയുള്ള വലങ്കൈകൊണ്ടു ഞാൻ നിന്നെ താങ്ങും,","യെശയ്യാ 41:10"
"ഞാൻ നിന്നോടുകൂടെ ഉണ്ടു; ഭ്രമിച്ചുനോക്കേണ്ടാ, ഞാൻ നിന്റെ ദൈവം ആകുന്നു; ഞാൻ നിന്നെ ശക്തീകരിക്കും; ഞാൻ നിന്നെ സഹായിക്കും; എന്റെ നീതിയുള്ള വലങ്കൈകൊണ്ടു ഞാൻ നിന്നെ താങ്ങും,","റോമർ 8:15"
"ഭീരുത്വത്തിന്റെ ആത്മാവിനെ അല്ല, ശക്തിയുടെയും സ്നേഹത്തിന്റെയും സുബോധത്തിന്റെയും ആത്മാവിനെയത്രേ ദൈവം നമുക്കു തന്നതു.","തിമൊഥെയൊസ്2 1:7"
"ദൈവം നമ്മുടെ സങ്കേതവും ബലവും ആകുന്നു; കഷ്ടങ്ങളിൽ അവൻ ഏറ്റവും അടുത്ത തുണയായിരിക്കുന്നു. അതുകൊണ്ടു ഭൂമി മാറിപ്പോയാലും പർവ്വതങ്ങൾ കുലുങ്ങി സമുദ്രമദ്ധ്യേ വീണാലും, അതിലെ വെള്ളം ഇരെച്ചു കലങ്ങിയാലും അതിന്റെ കോപംകൊണ്ടു പർവ്വതങ്ങൾ കുലുങ്ങിയാലും നാം ഭയപ്പെടുകയില്ല.","സങ്കീർത്തനങ്ങൾ 46:1-3"
"ഞാൻ ഭയപ്പെടുന്ന നാളിൽ നിന്നിൽ ആശ്രയിക്കും. ഞാൻ ദൈവത്തിൽ അവന്റെ വചനത്തെ പുകഴും; ഞാൻ ദൈവത്തിൽ ആശ്രയിക്കുന്നു; ഞാൻ ഭയപ്പെടുകയില്ല. ജഡത്തിന്നു എന്നോടു എന്തു ചെയ്‍വാൻ കഴിയും?","സങ്കീർത്തനങ്ങൾ 56:3, 4"
"രാത്രിയിലെ ഭയത്തെയും പകൽ പറക്കുന്ന അസ്ത്രത്തെയും ഇരുട്ടിൽ സഞ്ചരിക്കുന്ന മഹാമാരിയെയും ഉച്ചെക്കു നശിപ്പിക്കുന്ന സംഹാരത്തെയും നിനക്കു പേടിപ്പാനില്ല.","സങ്കീർത്തനങ്ങൾ 91:5, 6"
"നീ കിടപ്പാൻ പോകുമ്പോൾ നിനക്കു പേടി ഉണ്ടാകയില്ല; കിടക്കുമ്പോൾ നിന്റെ ഉറക്കം സുഖകരമായിരിക്കും.","സദൃശ്യവാക്യങ്ങൾ 3:24"
"നീ അവരെ ഭയപ്പെടരുതു; നിന്നെ വിടുവിക്കേണ്ടതിന്നു ഞാൻ നിന്നോടുകൂടെ ഉണ്ടെന്നു യഹോവയുടെ അരുളപ്പാടു.","യിരേമ്യാവു 1:8"
"സ്നേഹത്തിൽ ഭയമില്ല; ഭയത്തിന്നു ദണ്ഡനം ഉള്ളതിനാൽ തികഞ്ഞ സ്നേഹം ഭയത്തെ പുറത്താക്കിക്കളയുന്നു; ഭയപ്പെടുന്നവൻ സ്നേഹത്തിൽ തികഞ്ഞവനല്ല.","1 യോഹന്നാൻ 4:18"
"നിങ്ങളുടെ നടപ്പു ദ്രവ്യാഗ്രഹമില്ലാത്തതായിരിക്കട്ടെ; ഉള്ളതുകൊണ്ടു തൃപ്തിപ്പെടുവിൻ; “ഞാൻ നിന്നെ ഒരുനാളും കൈ വിടുകയില്ല, ഉപേക്ഷിക്കയുമില്ല” എന്നു അവൻ തന്നെ അരുളിച്ചെയ്തിരിക്കുന്നുവല്ലോ. ആകയാൽ “കർത്താവു എനിക്കു തുണ; ഞാൻ പേടിക്കയില്ല; മനുഷ്യൻ എന്നോടു എന്തു ചെയ്യും” എന്നു നമുക്കു ധൈര്യത്തോടെ പറയാം.","എബ്രായർ 13:5, 6"
"സമാധാനം ഞാൻ നിങ്ങൾക്കു തന്നേച്ചുപോകുന്നു; എന്റെ സമാധാനം ഞാൻ നിങ്ങൾക്കു തരുന്നു; ലോകം തരുന്നതുപോലെ അല്ല ഞാൻ നിങ്ങൾക്കു തരുന്നതു. നിങ്ങളുടെ ഹൃദയം കലങ്ങരുതു, ഭ്രമിക്കയും അരുതു.","യോഹന്നാൻ 14:27"
"മക്കൾ ജഡരക്തങ്ങളോടു കൂടിയവർ ആകകൊണ്ടു അവനും അവരെപ്പോലെ ജഡരക്തങ്ങളോടു കൂടിയവനായി മരണത്തിന്റെ അധികാരിയായ പിശാചിനെ തന്റെ മരണത്താൽ നീക്കി ജീവപര്യന്തം മരണഭീതിയാൽ അടിമകളായിരുന്നവരെ ഒക്കെയും വിടുവിച്ചു.","എബ്രായർ 2:14, 15"
"ആദിയിൽ വചനം ഉണ്ടായിരുന്നു; വചനം ദൈവത്തോടുകൂടെ ആയിരുന്നു; വചനം ദൈവം ആയിരുന്നു. വചനം ജഡമായി തീർന്നു, കൃപയും സത്യവും നിറഞ്ഞവനായി നമ്മുടെ ഇടയിൽ പാർത്തു. ഞങ്ങൾ അവന്റെ തേജസ്സ് പിതാവിൽ നിന്നു ഏകജാതനായവന്റെ തേജസ്സായി കണ്ടു.","യോഹന്നാൻ 1:1, 14"
"അതിന്നു അവൻ: “മനുഷ്യൻ അപ്പംകൊണ്ടു മാത്രമല്ല, ദൈവത്തിന്റെ വായിൽകൂടി വരുന്ന സകലവചനംകൊണ്ടും ജീവിക്കുന്നു”എന്നു എഴുതിയിരിക്കുന്നു എന്നു ഉത്തരം പറഞ്ഞു.","മത്തായി 4:4"
"ഞാൻ നിന്നോടു പാപം ചെയ്യാതിരിക്കേണ്ടതിന്നു നിന്റെ വചനത്തെ ഹൃദയത്തിൽ സംഗ്രഹിക്കുന്നു.","സങ്കീർത്തനങ്ങൾ 119:11"
"ഞാൻ നിങ്ങളോടു സംസാരിച്ച വചനം നിമിത്തം നിങ്ങൾ ഇപ്പോൾ ശുദ്ധിയുള്ളവരാകുന്നു.","യോഹന്നാൻ 15:3"
"നിന്റെ വചനങ്ങളുടെ വികാശനം പ്രകാശപ്രദം ആകുന്നു; അതു അല്പബുദ്ധികളെ ബുദ്ധിമാന്മാരാക്കുന്നു.","സങ്കീർത്തനങ്ങൾ 119:130"
"സത്യവചനത്തെ യഥാർത്ഥമായി പ്രസംഗിച്ചുകൊണ്ടു ലജ്ജിപ്പാൻ സംഗതിയില്ലാത്ത വേലക്കാരനായി ദൈവത്തിന്നു കൊള്ളാകുന്നവനായി നില്പാൻ ശ്രമിക്ക.","തിമൊഥെയൊസ്2 2:15"
"ദൈവത്തിന്റെ വചനം ജീവനും ചൈതന്യവുമുള്ളതായി ഇരുവായ്ത്തലയുള്ള ഏതു വാളിനെക്കാളും മൂർച്ചയേറിയതും പ്രാണനെയും ആത്മാവിനെയും സന്ധിമജ്ജകളെയും വേറുവിടുവിക്കുംവരെ തുളെച്ചുചെല്ലുന്നതും ഹൃദയത്തിലെ ചിന്തനങ്ങളെയും ഭാവങ്ങളെയും വിവേചിക്കുന്നതും ആകുന്നു.","എബ്രായർ 4:12"
"ജീവിപ്പിക്കുന്നതു ആത്മാവു ആകുന്നു; മാംസം ഒന്നിന്നും ഉപകരിക്കുന്നില്ല; ഞാൻ നിങ്ങളോടു സംസാരിച്ച വചനങ്ങൾ ആത്മാവും ജീവനും ആകുന്നു.","യോഹന്നാൻ 6:63"
"ആകാശവും ഭൂമിയും ഒഴിഞ്ഞുപോകും; എന്റെ വചനങ്ങളോ ഒഴിഞ്ഞുപോകയില്ല.","മത്തായി 24:35"
"ഇപ്പോൾ ജനിച്ച ശിശുക്കളെപ്പോലെ രക്ഷെക്കായി വളരുവാൻ വചനം എന്ന മായമില്ലാത്ത പാൽ കുടിപ്പാൻ","പത്രൊസ്1 2:2"
"ആകയാൽ വിശ്വാസം, പ്രത്യാശ, സ്നേഹം ഈ മൂന്നും നിലനില്ക്കുന്നു; ഇവയിൽ വലിയതോ സ്നേഹം തന്നേ.","കൊരിന്ത്യർ1 13:13"
"യേശു അവനോടു: “നിന്റെ ദൈവമായ കർത്താവിനെ നീ പൂർണ്ണഹൃദയത്തോടും പൂർണ്ണാത്മാവോടും പൂർണ്ണമനസ്സോടും കൂടെ സ്നേഹിക്കേണം. ഇതാകുന്നു വലിയതും ഒന്നാമത്തേതുമായ കല്പന രണ്ടാമത്തേതു അതിനോടു സമം: കൂട്ടുകാരനെ നിന്നെപ്പോലെ തന്നേ സ്നേഹിക്കേണം. ഈ രണ്ടു കല്പനകളിൽ സകലന്യായപ്രമാണവും പ്രവാചകന്മാരും അടങ്ങിയിരിക്കുന്നു” എന്നു പറഞ്ഞു.","മത്തായി 22:37-40"
"തന്റെ ഏകജാതനായ പുത്രനിൽ വിശ്വസിക്കുന്ന ഏവനും നശിച്ചുപോകാതെ നിത്യജീവൻ പ്രാപിക്കേണ്ടതിന്നു ദൈവം അവനെ നല്കുവാൻ തക്കവണ്ണം ലോകത്തെ സ്നേഹിച്ചു.","യോഹന്നാൻ 3:16"
"സകലത്തിന്നും മുമ്പെ തമ്മിൽ ഉറ്റ സ്നേഹം ഉള്ളവരായിരിപ്പിൻ. സ്നേഹം പാപങ്ങളുടെ ബഹുത്വത്തെ മറെക്കുന്നു.","പത്രൊസ്1 4:8"
"അവൻ നമുക്കു വേണ്ടി തന്റെ പ്രാണനെ വെച്ചുകൊടുത്തതിനാൽ നാം സ്നേഹം എന്തു എന്നു അറിഞ്ഞിരിക്കുന്നു; നാമും സഹോദരന്മാർക്കു വേണ്ടി പ്രാണനെ വെച്ചുകൊടുക്കേണ്ടതാകുന്നു. എന്നാൽ ഈ ലോകത്തിലെ വസ്തുവകയുള്ളവൻ ആരെങ്കിലും തന്റെ സഹോദരന്നു മുട്ടുള്ളതു കണ്ടിട്ടു അവനോടു മനസ്സലിവു കാണിക്കാഞ്ഞാൽ ദൈവത്തിന്റെ സ്നേഹം അവനിൽ എങ്ങനെ വസിക്കും? കുഞ്ഞുങ്ങളേ, നാം വാക്കിനാലും നാവിനാലും അല്ല, പ്രവൃത്തിയിലും സത്യത്തിലും തന്നേ സ്നേഹിക്കുക.","1 യോഹന്നാൻ 3:16-18"
"പ്രയമുള്ളവരേ, നാം അന്യോന്യം സ്നേഹിക്ക; സ്നേഹം ദൈവത്തിൽനിന്നു വരുന്നു. സ്നേഹിക്കുന്നവനെല്ലാം ദൈവത്തിൽനിന്നു ജനിച്ചിരിക്കുന്നു, ദൈവത്തെ അറികയും ചെയ്യുന്നു. സ്നേഹിക്കാത്തവൻ ദൈവത്തെ അറിഞ്ഞിട്ടില്ല; ദൈവം സ്നേഹം തന്നേ.","1 യോഹന്നാൻ 4:7, 8"
"കൂട്ടുകാരനെ നിന്നെപ്പോലെ തന്നേ സ്നേഹിക്കേണം. എന്നുള്ള ഏകവാക്യത്തിൽ ന്യായപ്രമാണം മുഴുവനും അടങ്ങിയിരിക്കുന്നു.","ഗലാത്യർ 5:14"
"നിങ്ങൾ എന്നെ സ്നേഹിക്കുന്നു എങ്കിൽ എന്റെ കല്പനകളെ കാത്തുകൊള്ളും.","യോഹന്നാൻ 14:15"
"രാജാവു അവരോടു: എന്റെ ഈ ഏറ്റവും ചെറിയ സഹോദരന്മാരിൽ ഒരുത്തന്നു നിങ്ങൾ ചെയ്തേടത്തോളം എല്ലാം എനിക്കു ചെയ്തു എന്നു ഞാൻ സത്യമായിട്ടു നിങ്ങളോടു പറയുന്നു എന്നു അരുളിച്ചെയ്യും.","മത്തായി 25:40"
"മനുഷ്യർ നിങ്ങൾക്കു ചെയ്യേണം എന്നു നിങ്ങൾ ഇച്ഛിക്കന്നതു ഒക്കെയും നിങ്ങൾ അവർക്കും ചെയ്‍വിൻ; ന്യായപ്രമാണവും പ്രവാചകന്മാരും ഇതു തന്നേ.","മത്തായി 7:12"
"അന്യോന്യം പൊറുക്കയും ഒരുവനോടു ഒരുവന്നു വഴക്കുണ്ടായാൽ തമ്മിൽ ക്ഷമിക്കയും ചെയ്‍വിൻ. എല്ലാറ്റിന്നും മീതെ സമ്പൂർണ്ണതയുടെ ബന്ധമായ സ്നേഹം ധരിപ്പിൻ.","കൊലൊസ്സ്യർ 3:13, 14"
"നിങ്ങൾ ചെയ്യുന്നതെല്ലാം സ്നേഹത്തിൽ ചെയ്‍വിൻ.","കൊരിന്ത്യർ1 16:14"
"സ്നേഹിതന്മാർക്കുവേണ്ടി ജീവനെ കൊടുക്കുന്നതിലും അധികമുള്ള സ്നേഹം ആർക്കും ഇല്ല.","യോഹന്നാൻ 15:13"
"അവൻ ആദ്യം നമ്മെ സ്നേഹിച്ചതുകൊണ്ടു നാം സ്നേഹിക്കുന്നു.","1 യോഹന്നാൻ 4:19"
"മരണത്തിന്നോ ജീവന്നോ ദൂതന്മാർക്കോ വാഴ്ചകൾക്കോ അധികാരങ്ങൾക്കോ ഇപ്പോഴുള്ളതിന്നോ വരുവാനുള്ളതിന്നോ ഉയരത്തിന്നോ ആഴത്തിന്നോ മറ്റു യാതൊരു സൃഷ്ടിക്കോ നമ്മുടെ കർത്താവായ യേശുക്രിസ്തുവിലുള്ള ദൈവസ്നേഹത്തിൽ നിന്നു നമ്മെ വേറുപിരിപ്പാൻ കഴികയില്ല എന്നു ഞാൻ ഉറെച്ചിരിക്കുന്നു.","റോമർ 8:38, 39"
"നിങ്ങൾ തമ്മിൽ തമ്മിൽ സ്നേഹിക്കേണം എന്നു പുതിയോരു കല്പന ഞാൻ നിങ്ങൾക്കു തരുന്നു; ഞാൻ നിങ്ങളെ സ്നേഹിച്ചതുപോലെ നിങ്ങളും തമ്മിൽ തമ്മിൽ സ്നേഹിക്കേണം എന്നു തന്നേ. നിങ്ങൾക്കു തമ്മിൽ തമ്മിൽ സ്നേഹം ഉണ്ടെങ്കിൽ നിങ്ങൾ എന്റെ ശീഷ്യന്മാർ എന്നു എല്ലാവരും അറിയും.","യോഹന്നാൻ 13:34, 35"
"എന്റെ കല്പനകൾ ലഭിച്ചു പ്രമാണിക്കുന്നവൻ എന്നെ സ്നേഹിക്കുന്നവൻ ആകുന്നു; എന്നെ സ്നേഹിക്കുന്നവനെ എന്റെ പിതാവു സ്നേഹിക്കുന്നു; ഞാനും അവനെ സ്നേഹിച്ചു അവന്നു എന്നെത്തന്നേ വെളിപ്പെടുത്തും. ഈസ്കര്യോത്താവല്ലാത്ത യൂദാ അവനോടു: കർത്താവേ, എന്തു സംഭവിച്ചിട്ടാകുന്നു നീ ലോകത്തിന്നല്ല ഞങ്ങൾക്കത്രേ നിന്നെ വെളിപ്പെടുത്തുവാൻ പോകുന്നതു എന്നു ചോദിച്ചു. യേശു അവനോടു എന്നെ സ്നേഹിക്കുന്നവൻ എന്റെ വചനം പ്രമാണിക്കും; എന്റെ പിതാവു അവനെ സ്നേഹിക്കും; ഞങ്ങൾ അവന്റെ അടുക്കൽ വന്നു അവനോടുകൂടെ വാസം ചെയ്യും. എന്നെ സ്നേഹിക്കാത്തവൻ എന്റെ വചനം പ്രമാണിക്കുന്നില്ല; നിങ്ങൾ കേൾക്കുന്ന വചനം എന്റേതല്ല എന്നെ അയച്ച പിതാവിന്റെതത്രേ എന്നു ഉത്തരം പറഞ്ഞു.","യോഹന്നാൻ 14:21-24"
"സ്നേഹം നിർവ്യാജം ആയിരിക്കട്ടെ: തീയതിനെ വെറുത്തു നല്ലതിനോടു പറ്റിക്കൊൾവിൻ.","റോമർ 12:9"
"പ്രിയമുള്ളവരേ, ദൈവം നമ്മെ ഇങ്ങനെ സ്നേഹിച്ചു എങ്കിൽ നാമും അന്യോന്യം സ്നേഹിക്കേണ്ടതാകുന്നു.","1 യോഹന്നാൻ 4:11"
"യഹോവ ഏലീയാവുമുഖാന്തരം അരുളിച്ചെയ്ത വചന പ്രകാരം കലത്തിലെ മാവു തീർന്നുപോയില്ല, ഭരണിയിലെ എണ്ണ കുറഞ്ഞുപോയതുമില്ല. അനന്തരം വീട്ടുടമക്കാരത്തിയായ സ്ത്രീയുടെ മകൻ ദീനം പിടിച്ചു കിടപ്പിലായി; ദീനം കടുത്തിട്ടു അവനിൽ ശ്വാസം ഇല്ലാതെയായി.","രാജാക്കന്മാർ1 17:16"
"ക്ഷാമകാലത്തു അവൻ നിന്നെ മരണത്തിൽനിന്നും യുദ്ധത്തിൽ വാളിന്റെ വെട്ടിൽനിന്നും വിടുവിക്കും.","ഇയ്യോബ് 5:20"
"യഹോവ പീഡിതന്നു ഒരു അഭയസ്ഥാനം; കഷ്ടകാലത്തു ഒരഭയസ്ഥാനം തന്നേ. നിന്റെ നാമത്തെ അറിയുന്നവർ നിങ്കൽ ആശ്രയിക്കും; യഹോവേ, നിന്നെ അന്വേഷിക്കുന്നവരെ നീ ഉപേക്ഷിക്കുന്നില്ലല്ലോ.","സങ്കീർത്തനങ്ങൾ 9:9, 10"
"യഹോവ നിഷ്കളങ്കന്മാരുടെ നാളുകളെ അറിയുന്നു; അവരുടെ അവകാശം ശാശ്വതമായിരിക്കും. ദുഷ്കാലത്തു അവർ ലജ്ജിച്ചു പോകയില്ല; ക്ഷാമകാലത്തു അവർ തൃപ്തരായിരിക്കും,","സങ്കീർത്തനങ്ങൾ 37:18, 19"
"ഞാൻ ബാലനായിരുന്നു, വൃദ്ധനായിത്തീർന്നു; നീതിമാൻ തുണയില്ലാതിരിക്കുന്നതും അവന്റെ സന്തതി ആഹാരം ഇരക്കുന്നതും ഞാൻ കണ്ടിട്ടില്ല.","സങ്കീർത്തനങ്ങൾ 37:25"
"ദൈവം നമ്മുടെ സങ്കേതവും ബലവും ആകുന്നു; കഷ്ടങ്ങളിൽ അവൻ ഏറ്റവും അടുത്ത തുണയായിരിക്കുന്നു.അതുകൊണ്ടു ഭൂമി മാറിപ്പോയാലും പർവ്വതങ്ങൾ കുലുങ്ങി സമുദ്രമദ്ധ്യേ വീണാലും, അതിലെ വെള്ളം ഇരെച്ചു കലങ്ങിയാലും അതിന്റെ കോപംകൊണ്ടു പർവ്വതങ്ങൾ കുലുങ്ങിയാലും നാം ഭയപ്പെടുകയില്ല.","സങ്കീർത്തനങ്ങൾ 46:1-3"
"ജനമേ, എല്ലാകാലത്തും അവനിൽ ആശ്രയിപ്പിൻ; നിങ്ങളുടെ ഹൃദയം അവന്റെ മുമ്പിൽ പകരുവിൻ; ദൈവം നമുക്കു സങ്കേതമാകുന്നു. സേലാ.","സങ്കീർത്തനങ്ങൾ 62:8"
"യഹോവയെക്കുറിച്ചു: അവൻ എന്റെ സങ്കേതവും കോട്ടയും ഞാൻ ആശ്രയിക്കുന്ന എന്റെ ദൈവവും എന്നു പറയുന്നു.","സങ്കീർത്തനങ്ങൾ 91:2"
"അവൻ തണലിന്നായി ഒരു മേഘം വിരിച്ചു; രാത്രിയിൽ വെളിച്ചത്തിന്നായി തീ നിറുത്തി. അവർ ചോദിച്ചപ്പോൾ അവൻ കാടകളെ കൊടുത്തു; സ്വർഗ്ഗീയഭോജനംകൊണ്ടും അവർക്കു തൃപ്തിവരുത്തി. അവൻ പാറയെ പിളർന്നു, വെള്ളം ചാടി പുറപ്പെട്ടു; അതു ഉണങ്ങിയ നിലത്തുകൂടി നദിയായി ഒഴുകി.","സങ്കീർത്തനങ്ങൾ 105:39-41"
"ദാഹിച്ചിരിക്കുന്നെടത്തു ഞാൻ വെള്ളവും വരണ്ട നിലത്തു നീരൊഴുക്കുകളും പകരും; നിന്റെ സന്തതിമേൽ എന്റെ ആത്മാവിനെയും നിന്റെ സന്താനത്തിന്മേൽ എന്റെ അനുഗ്രഹത്തെയും പകരും.","യെശയ്യാ 44:3"
"ഇന്നുള്ളതും നാളെ അടുപ്പിൽ ഇടുന്നതുമായ വയലിലെ പുല്ലിനെ ദൈവം ഇങ്ങനെ ചമയിക്കുന്നു എങ്കിൽ, അല്പവിശ്വാസികളേ, നിങ്ങളെ എത്ര അധികം. ആകയാൽ നാം എന്തു തിന്നും എന്തു കുടിക്കും എന്തു ഉടുക്കും എന്നിങ്ങനെ നിങ്ങൾ വിചാരപ്പെടരുതു.","മത്തായി 6:30, 31"
"ക്രിസ്തുവിന്റെ സ്നേഹത്തിൽനിന്നു നമ്മെ വേർപിരിക്കുന്നതാർ? കഷ്ടതയോ സങ്കടമോ ഉപദ്രവമോ പട്ടിണിയോ നഗ്നതയോ ആപത്തോ വാളോ? “നിന്റെ നിമിത്തം ഞങ്ങളെ ഇടവിടാതെ കൊല്ലുന്നു; അറുപ്പാനുള്ള ആടുകളെപ്പോലെ ഞങ്ങളെ എണ്ണുന്നു” എന്നു എഴുതിയിരിക്കുന്നുവല്ലോ. നാമോ നമ്മെ സ്നേഹിച്ചവൻ മുഖാന്തരം ഇതിൽ ഒക്കെയും പൂർണ്ണജയം പ്രാപിക്കുന്നു. മരണത്തിന്നോ ജീവന്നോ ദൂതന്മാർക്കോ വാഴ്ചകൾക്കോ അധികാരങ്ങൾക്കോ ഇപ്പോഴുള്ളതിന്നോ വരുവാനുള്ളതിന്നോ ഉയരത്തിന്നോ ആഴത്തിന്നോ മറ്റു യാതൊരു സൃഷ്ടിക്കോ നമ്മുടെ കർത്താവായ യേശുക്രിസ്തുവിലുള്ള ദൈവസ്നേഹത്തിൽ നിന്നു നമ്മെ വേറുപിരിപ്പാൻ കഴികയില്ല എന്നു ഞാൻ ഉറെച്ചിരിക്കുന്നു.","റോമർ 8:35-39"
"ഞങ്ങൾ സകലവിധത്തിലും കഷ്ടം സഹിക്കുന്നവർ എങ്കിലും ഇടുങ്ങിയിരിക്കുന്നില്ല; ബുദ്ധിമുട്ടുന്നവർ എങ്കിലും നിരാശപ്പെടുന്നില്ല; ഉപദ്രവം അനുഭവിക്കുന്നവർ എങ്കിലും ഉപേക്ഷിക്കപ്പെടുന്നില്ല; വീണുകിടക്കുന്നവർ എങ്കിലും നശിച്ചുപോകുന്നില്ല;","കൊരിന്ത്യർ2 4:8, 9"
"സ്ത്രീ മരുഭൂമിയിലേക്കു ഓടിപ്പോയി; അവിടെ അവളെ ആയിരത്തിരുനൂറ്ററുപതു ദിവസം പോറ്റേണ്ടതിന്നു ദൈവം ഒരുക്കിയോരു സ്ഥലം അവൾക്കുണ്ടു.","വെളിപ്പാടു 12:6"
"അതിന്നു മോശെ ജനത്തോടു: ഭയപ്പെടേണ്ടാ; ഉറച്ചുനില്പിൻ; യഹോവ ഇന്നു നിങ്ങൾക്കു ചെയ്‍വാനിരിക്കുന്ന രക്ഷ കണ്ടുകൊൾവിൻ; നിങ്ങൾ ഇന്നു കണ്ടിട്ടുള്ള മിസ്രയീമ്യരെ ഇനി ഒരുനാളും കാണുകയില്ല.","പുറപ്പാടു് 14:13"
"യഹോവേ, എന്നോടു വാദിക്കുന്നവരോടു വാദിക്കേണമേ; എന്നോടു പൊരുതുന്നവരോടു പെരുതേണമേ.","സങ്കീർത്തനങ്ങൾ 35:1"
"യഹോവെക്കു ഒരു പുതിയ പാട്ടു പാടുവിൻ; അവൻ അത്ഭുതങ്ങളെ പ്രവർത്തിച്ചിരിക്കുന്നു; അവന്റെ വലങ്കയ്യും അവന്റെ വിശുദ്ധഭുജവും അവന്നു ജയം നേടിയിരിക്കുന്നു.","സങ്കീർത്തനങ്ങൾ 98:1"
"മനോഭീതിയുള്ളവരോടു: ധൈര്യപ്പെടുവിൻ, ഭയപ്പെടേണ്ടാ; ഇതാ, നിങ്ങളുടെ ദൈവം! പ്രതികാരവും ദൈവത്തിന്റെ പ്രതിഫലവും വരുന്നു! അവൻ വന്നു നിങ്ങളെ രക്ഷിക്കും എന്നു പറവിൻ.","യെശയ്യാ 35:4"
"കർത്താവു എന്നെ സകല ദുഷ്‌പ്രവൃത്തിയിൽനിന്നും വിടുവിച്ചു തന്റെ സ്വർഗ്ഗീയരാജ്യത്തിന്നായി രക്ഷിക്കും; അവന്നു എന്നെന്നേക്കും മഹത്വം. ആമേൻ.","തിമൊഥെയൊസ്2 4:18"
"ആകയാൽ “കർത്താവു എനിക്കു തുണ; ഞാൻ പേടിക്കയില്ല; മനുഷ്യൻ എന്നോടു എന്തു ചെയ്യും” എന്നു നമുക്കു ധൈര്യത്തോടെ പറയാം.","എബ്രായർ 13:6"
"പാപം ചെയ്യുന്നവൻ പിശാചിന്റെ മകൻ ആകുന്നു. പിശാചു ആദിമുതൽ പാപം ചെയ്യുന്നുവല്ലോ. പിശാചിന്റെ പ്രവൃത്തികളെ അഴിപ്പാൻ തന്നേ ദൈവപുത്രൻ പ്രത്യക്ഷനായി.
1യോഹന്നാൻ","യോഹന്നാൻ 3:8"
"അവർ അവനെ കുഞ്ഞാടിന്റെ രക്തം ഹേതുവായിട്ടും തങ്ങളുടെ സാക്ഷ്യവചനം ഹേതുവായിട്ടും ജയിച്ചു; മരണപര്യന്തം തങ്ങളുടെ പ്രാണനെ സ്നേഹിച്ചതുമില്ല.","വെളിപ്പാടു 12:11"
"എന്നാൽ നിന്നെ ശരണംപ്രാപിക്കുന്നവരെല്ലാവരും സന്തോഷിക്കും; നീ അവരെ പാലിക്കുന്നതുകൊണ്ടു അവർ എപ്പോഴും ആനന്ദിച്ചാർക്കും; നിന്റെ നാമത്തെ സ്നേഹിക്കുന്നവർ നിന്നിൽ ഉല്ലസിക്കും;","സങ്കീർത്തനങ്ങൾ 5:11"
"ജീവന്റെ വഴി നീ എനിക്കു കാണിച്ചുതരും; നിന്റെ സന്നിധിയിൽ സന്തോഷപരിപൂർണ്ണതയും നിന്റെ വലത്തുഭാഗത്തു എന്നും പ്രമോദങ്ങളും ഉണ്ടു.","സങ്കീർത്തനങ്ങൾ 16:11"
"അവന്റെ കോപം ക്ഷണനേരത്തേക്കേയുള്ളു; അവന്റെ പ്രസാദമോ ജീവപര്യന്തമുള്ളതു; സന്ധ്യയിങ്കൽ കരച്ചൽ വന്നു രാപാർക്കും; ഉഷസ്സിലോ ആനന്ദഘോഷം വരുന്നു.","സങ്കീർത്തനങ്ങൾ 30:5"
"കണ്ണുനീരോടെ വിതെക്കുന്നവർ ആർപ്പോടെ കൊയ്യും.","സങ്കീർത്തനങ്ങൾ 126:5"
"യഹോവയെ ഭയപ്പെട്ടു, അവന്റെ വഴികളിൽ നടക്കുന്ന ഏവനും ഭാഗ്യവാൻ; നിന്റെ കൈകളുടെ അദ്ധ്വാനഫലം നീ തിന്നും; നീ ഭാഗ്യവാൻ; നിനക്കു നന്മ വരും.","സങ്കീർത്തനങ്ങൾ 128:1, 2"
"അങ്ങനെ യഹോവയാൽ വീണ്ടെടുക്കപ്പെട്ടവർ മടങ്ങി ഉല്ലാസഘോഷത്തോടെ സീയോനിലേക്കു വരും; നിത്യാനന്ദം അവരുടെ തലമേൽ ഉണ്ടായിരിക്കും; അവർ ആനന്ദവും സന്തോഷവും പ്രാപിക്കും; ദുഃഖവും നെടുവിർപ്പും ഓടിപ്പോകും.","യെശയ്യാ 35:10"
"എന്റെ സന്തോഷം നിങ്ങളിൽ ഇരിപ്പാനും നിങ്ങളുടെ സന്തോഷം പൂർണ്ണമാകുവാനും ഞാൻ ഇതു നിങ്ങളോടു സംസാരിച്ചിരിക്കുന്നു.","യോഹന്നാൻ 15:11"
"ദൈവരാജ്യം ഭക്ഷണവും പാനീയവുമല്ല, നീതിയും സമാധാനവും പരിശുദ്ധാത്മാവിൽ സന്തോഷവും അത്രേ.","റോമർ 14:17"
"നീതിമാന്റെ അനർത്ഥങ്ങൾ അസംഖ്യമാകുന്നു; അവ എല്ലാറ്റിൽനിന്നും യഹോവ അവനെ വിടുവിക്കുന്നു.","സങ്കീർത്തനങ്ങൾ 34:19"
"നിങ്ങളിൽ ദീനമായി കിടക്കുന്നവൻ സഭയിലെ മൂപ്പന്മാരെ വരുത്തട്ടെ. അവർ കർത്താവിന്റെ നാമത്തിൽ അവനെ എണ്ണ പൂശി അവന്നു വേണ്ടി പ്രാർത്ഥിക്കട്ടെ. എന്നാൽ വിശ്വാസത്തോടുകൂടിയ പ്രാർത്ഥന ദീനക്കാരനെ രക്ഷിക്കും; കർത്താവു അവനെ എഴുന്നേല്പിക്കും; അവൻ പാപം ചെയ്തിട്ടുണ്ടെങ്കിൽ അവനോടു ക്ഷമിക്കും. എന്നാൽ നിങ്ങൾക്കു രോഗശാന്തി വരേണ്ടതിന്നു തമ്മിൽ പാപങ്ങളെ ഏറ്റുപറഞ്ഞു ഒരുവന്നു വേണ്ടി ഒരുവൻ പ്രാർത്ഥിപ്പിൻ. നീതിമാന്റെ ശ്രദ്ധയോടുകൂടിയ പ്രാർത്ഥന വളരെ ഫലിക്കുന്നു.","യാക്കോബ് 5:14-16"
"അവൻ തന്റെ വചനത്തെ അയച്ചു അവരെ സൌഖ്യമാക്കി; അവരുടെ കുഴികളിൽനിന്നു അവരെ വിടുവിച്ചു.","സങ്കീർത്തനങ്ങൾ 107:20"
"നീ മടങ്ങിച്ചെന്നു എന്റെ ജനത്തിന്റെ പ്രഭുവായ ഹിസ്കീയാവോടു പറയേണ്ടതു: നിന്റെ പിതാവായ ദാവീദിന്റെ ദൈവമായ യഹോവ ഇപ്രകാരം അരുളിച്ചെയ്യുന്നു: ഞാൻ നിന്റെ പ്രാർത്ഥന കേട്ടു നിന്റെ കണ്ണുനീർ കണ്ടിരിക്കുന്നു; ഞാൻ നിന്നെ സൌഖ്യമാക്കും; മൂന്നാം ദിവസം നീ യഹോവയുടെ ആലയത്തിൽ പോകും.","രാജാക്കന്മാർ2 20:5"
"അവർ നിന്നെ ഭ്രഷ്ടയെന്നും ആരും തിരിഞ്ഞു നോക്കാത്ത സീയോനെന്നും വിളിക്കകൊണ്ടു, ഞാൻ നിന്റെ മുറിവുകളെ പൊറുപ്പിച്ചു നിനക്കു ആരോഗ്യം വരുത്തും എന്നു യഹോവയുടെ അരുളപ്പാടു.","യിരേമ്യാവു 30:17"
"അവൻ ക്ഷീണിച്ചിരിക്കുന്നവന്നു ശക്തി നല്കുന്നു; ബലമില്ലാത്തവന്നു ബലം വർദ്ധിപ്പിക്കുന്നു.","യെശയ്യാ 40:29"
"അവൻ നിന്റെ അകൃത്യം ഒക്കെയും മോചിക്കുന്നു; നിന്റെ സകലരോഗങ്ങളെയും സൌഖ്യമാക്കുന്നു;","സങ്കീർത്തനങ്ങൾ 103:3"
"എന്നാൽ അവൻ നമ്മുടെ അതിക്രമങ്ങൾനിമിത്തം മുറിവേറ്റും നമ്മുടെ അകൃത്യങ്ങൾനിമിത്തം തകർ‍ന്നും ഇരിക്കുന്നു; നമ്മുടെ സമാധാനത്തിന്നായുള്ള ശിക്ഷ അവന്റെമേൽ ആയി അവന്റെ അടിപ്പിണരുകളാൽ നമുക്കു സൌഖ്യം വന്നുമിരിക്കുന്നു.","യെശയ്യാ 53:5"
"നിന്റെ ദൈവമായ യഹോവയുടെ വാക്കു നീ ശ്രദ്ധയോടെ കേട്ടു അവന്നു പ്രസാദമുള്ളതു ചെയ്കയും അവന്റെ കല്പനകളെ അനുസരിച്ചു അവന്റെ സകല വിധികളും പ്രമാണിക്കയും ചെയ്താൽ ഞാൻ മിസ്രയീമ്യർക്കു വരുത്തിയ വ്യാധികളിൽ ഒന്നും നിനക്കു വരുത്തുകയില്ല; ഞാൻ നിന്നെ സൌഖ്യമാക്കുന്ന യഹോവ ആകുന്നു എന്നു അരുളിച്ചെയ്തു.","പുറപ്പാടു് 15:26"
"അവൻ അവരെ കണ്ടിട്ടു: “നിങ്ങൾ പോയി പുരോഹിതന്മാർക്കു നിങ്ങളെ തന്നേ കാണിപ്പിൻ എന്നു പറഞ്ഞു; പോകയിൽ തന്നേ അവർ ശുദ്ധരായ്തീർന്നു.","ലൂക്കോസ് 17:14"
"അനന്തരം അവൻ തന്റെ പന്ത്രണ്ടു ശിഷ്യന്മാരെയും അടുക്കൽ വിളിച്ചു, അശുദ്ധാത്മാക്കളെ പുറത്താക്കുവാനും സകലവിധ ദീനവും വ്യാധിയും പൊറുപ്പിപ്പാനും അവർക്കു അധികാരം കൊടുത്തു.","മത്തായി 10:1"
"എന്റെ നാമത്തെ ഭയപ്പെടുന്ന നിങ്ങൾക്കോ നീതിസൂര്യൻ തന്റെ ചിറകിൻ കീഴിൽ രോഗോപശാന്തിയോടുകൂടെ ഉദിക്കും; നിങ്ങളും പുറപ്പെട്ടു തൊഴുത്തിൽനിന്നു വരുന്ന പശുക്കിടാക്കളെപ്പോലെ തുള്ളിച്ചാടും.","മലാഖി 4:2"
"പത്രൊസ് അവനോടു: ഐനെയാസേ, യേശുക്രിസ്തു നിന്നെ സൌഖ്യമാക്കുന്നു; എഴുന്നേറ്റു താനായി തന്നേ കിടക്ക വിരിച്ചുകൊൾക എന്നു പറഞ്ഞു; ഉടനെ അവൻ എഴുന്നേറ്റു.","പ്രവൃത്തികൾ 9:34"
"വിശ്വസിക്കുന്നവരാൽ ഈ അടയാളങ്ങൾ നടക്കും: എന്റെ നാമത്തിൽ അവർ ഭൂതങ്ങളെ പുറത്താക്കും; പുതുഭാഷകളിൽ സംസാരിക്കും; സർപ്പങ്ങളെ പിടിച്ചെടുക്കും; മരണകരമായ യാതൊന്നു കുടിച്ചാലും അവർക്കു ഹാനി വരികയില്ല; രോഗികളുടെ മേൽ കൈവെച്ചാൽ അവർക്കു സൌഖ്യം വരും എന്നു പറഞ്ഞു.","മർക്കൊസ് 16:17-18"
"മുടന്തുള്ളതു ഉളുക്കിപ്പോകാതെ ഭേദമാകേണ്ടതിന്നു നിങ്ങളുടെ കാലിന്നു പാത നിരത്തുവിൻ.","എബ്രായർ 12:13"
"വെളിപ്പാടുകളുടെ ആധിക്യത്താൽ ഞാൻ അതിയായി നിഗളിച്ചുപോകാതിരിപ്പാൻ എനിക്കു ജഡത്തിൽ ഒരു ശൂലം തന്നിരിക്കുന്നു; ഞാൻ നിഗളിച്ചുപോകാതിരിക്കേണ്ടതിന്നു എന്നെ കുത്തുവാൻ സാത്താന്റെ ദൂതനെ തന്നേ. അതു എന്നെ വിട്ടു നീങ്ങേണ്ടതിന്നു ഞാൻ മൂന്നു വട്ടം കർത്താവിനോടു അപേക്ഷിച്ചു. അവൻ എന്നോടു: എന്റെ കൃപ നിനക്കുമതി; എന്റെ ശക്തി ബലഹീനതയിൽ തികഞ്ഞുവരുന്നു എന്നു പറഞ്ഞു. ആകയാൽ ക്രിസ്തുവിന്റെ ശക്തി എന്റെമേൽ ആവസിക്കേണ്ടതിന്നു ഞാൻ അതിസന്തോഷത്തോടെ എന്റെ ബലഹീനതകളിൽ പ്രശംസിക്കും.","കൊരിന്ത്യർ2 12:7-9"
"നിന്റെ ദൈവമായ യഹോവയുടെ വാക്കു നീ ശ്രദ്ധയോടെ കേട്ടു അവന്നു പ്രസാദമുള്ളതു ചെയ്കയും അവന്റെ കല്പനകളെ അനുസരിച്ചു അവന്റെ സകല വിധികളും പ്രമാണിക്കയും ചെയ്താൽ ഞാൻ മിസ്രയീമ്യർക്കു വരുത്തിയ വ്യാധികളിൽ ഒന്നും നിനക്കു വരുത്തുകയില്ല; ഞാൻ നിന്നെ സൌഖ്യമാക്കുന്ന യഹോവ ആകുന്നു എന്നു അരുളിച്ചെയ്തു.","പുറപ്പാടു് 15:26"
"നീ മടങ്ങിച്ചെന്നു എന്റെ ജനത്തിന്റെ പ്രഭുവായ ഹിസ്കീയാവോടു പറയേണ്ടതു: നിന്റെ പിതാവായ ദാവീദിന്റെ ദൈവമായ യഹോവ ഇപ്രകാരം അരുളിച്ചെയ്യുന്നു: ഞാൻ നിന്റെ പ്രാർത്ഥന കേട്ടു നിന്റെ കണ്ണുനീർ കണ്ടിരിക്കുന്നു; ഞാൻ നിന്നെ സൌഖ്യമാക്കും; മൂന്നാം ദിവസം നീ യഹോവയുടെ ആലയത്തിൽ പോകും.","രാജാക്കന്മാർ2 20:5"
"അരിഷ്ടന്റെ അരിഷ്ടത അവൻ നിരസിച്ചില്ല വെറുത്തതുമില്ല; തന്റെ മുഖം അവന്നു മറെച്ചതുമില്ല; തന്നേ വിളിച്ചപേക്ഷിച്ചപ്പോൾ കേൾക്കയത്രേ ചെയ്തതു.","സങ്കീർത്തനങ്ങൾ 22:24"
"യഹോവയിൽ പ്രത്യാശയുള്ള ഏവരുമേ, ധൈര്യപ്പെട്ടിരിപ്പിൻ; നിങ്ങളുടെ ഹൃദയം ഉറെച്ചിരിക്കട്ടെ.","സങ്കീർത്തനങ്ങൾ 31:24"
"നീതിമാന്റെ അനർത്ഥങ്ങൾ അസംഖ്യമാകുന്നു; അവ എല്ലാറ്റിൽനിന്നും യഹോവ അവനെ വിടുവിക്കുന്നു.","സങ്കീർത്തനങ്ങൾ 34:19"
"അവൻ നിന്റെ അകൃത്യം ഒക്കെയും മോചിക്കുന്നു; നിന്റെ സകലരോഗങ്ങളെയും സൌഖ്യമാക്കുന്നു;","സങ്കീർത്തനങ്ങൾ 103:3"
"അവൻ തന്റെ വചനത്തെ അയച്ചു അവരെ സൌഖ്യമാക്കി; അവരുടെ കുഴികളിൽനിന്നു അവരെ വിടുവിച്ചു.","സങ്കീർത്തനങ്ങൾ 107:20"
"നിന്റെ വചനം എന്നെ ജീവിപ്പിച്ചിരിക്കുന്നതു എന്റെ കഷ്ടതയിൽ എനിക്കു ആശ്വാസമാകുന്നു.","സങ്കീർത്തനങ്ങൾ 119:50"
"നിന്റെ ന്യായപ്രമാണം എന്റെ പ്രമോദം ആയിരുന്നില്ലെങ്കിൽ ഞാൻ എന്റെ കഷ്ടതയിൽ നശിച്ചുപോകുമായിരുന്നു.","സങ്കീർത്തനങ്ങൾ 119:92"
"ഞാൻ മഹാകഷ്ടത്തിലായിരിക്കുന്നു; യഹോവേ, നിന്റെ വാഗ്ദാനപ്രകാരം എന്നെ ജീവിപ്പിക്കേണമേ.","സങ്കീർത്തനങ്ങൾ 119:107"
"മനംതകർന്നവരെ അവൻ സൌഖ്യമാക്കുകയും അവരുടെ മുറിവുകളെ കെട്ടുകയും ചെയ്യുന്നു.","സങ്കീർത്തനങ്ങൾ 147:3"
"അവൻ ക്ഷീണിച്ചിരിക്കുന്നവന്നു ശക്തി നല്കുന്നു; ബലമില്ലാത്തവന്നു ബലം വർദ്ധിപ്പിക്കുന്നു.","യെശയ്യാ 40:29"
"എന്നാൽ അവൻ നമ്മുടെ അതിക്രമങ്ങൾനിമിത്തം മുറിവേറ്റും നമ്മുടെ അകൃത്യങ്ങൾനിമിത്തം തകർ‍ന്നും ഇരിക്കുന്നു; നമ്മുടെ സമാധാനത്തിന്നായുള്ള ശിക്ഷ അവന്റെമേൽ ആയി അവന്റെ അടിപ്പിണരുകളാൽ നമുക്കു","യെശയ്യാ 53:5"
"രക്ഷിപ്പാൻ കഴിയാതവണ്ണം യഹോവയുടെ കൈ കുറുകീട്ടില്ല; കേൾപ്പാൻ കഴിയാതവണ്ണം അവന്റെ ചെവി മന്ദമായിട്ടുമില്ല.","യെശയ്യാ 59:1"
"അവർ നിന്നെ ഭ്രഷ്ടയെന്നും ആരും തിരിഞ്ഞു നോക്കാത്ത സീയോനെന്നും വിളിക്കകൊണ്ടു, ഞാൻ നിന്റെ മുറിവുകളെ പൊറുപ്പിച്ചു നിനക്കു ആരോഗ്യം വരുത്തും എന്നു യഹോവയുടെ അരുളപ്പാടു.","യിരേമ്യാവു 30:17"
"ഞാൻ സകലജഡത്തിന്റെയും ദൈവമായ യഹോവയാകുന്നു; എനിക്കു കഴിയാത്ത വല്ല കാര്യവും ഉണ്ടോ?","യിരേമ്യാവു 32:27"
"കാണാതെപോയതിനെ ഞാൻ അന്വേഷിക്കയും ഓടിച്ചുകളഞ്ഞതിനെ തിരിച്ചു വരുത്തുകയും ഒടിഞ്ഞതിനെ മുറിവുകെട്ടുകയും ദീനം പിടിച്ചതിനെ ശക്തീകരിക്കയും ചെയ്യും; എന്നാൽ കൊഴുത്തതിനെയും ഉരത്തതിനെയും ഞാൻ നശിപ്പിക്കും; ഞാൻ ന്യായത്തോടെ അവയെ മേയിക്കും.","യേഹേസ്കേൽ 34:16"
"എന്റെ നാമത്തെ ഭയപ്പെടുന്ന നിങ്ങൾക്കോ നീതിസൂര്യൻ തന്റെ ചിറകിൻ കീഴിൽ രോഗോപശാന്തിയോടുകൂടെ ഉദിക്കും; നിങ്ങളും പുറപ്പെട്ടു തൊഴുത്തിൽനിന്നു വരുന്ന പശുക്കിടാക്കളെപ്പോലെ തുള്ളിച്ചാടും.","മലാഖി 4:2"
"യേശു തിരിഞ്ഞു അവളെ കണ്ടപ്പോൾ: “മകളെ, ധൈര്യപ്പെടുക; നിന്റെ വിശ്വാസം നിന്നെ രക്ഷിച്ചു” എന്നു പറഞ്ഞു; ആ നാഴികമുതൽ സ്ത്രീക്കു സൌഖ്യം വന്നു.","മത്തായി 9:22"
"അവൻ ഒരു ദിവസം ഉപദേശിക്കുമ്പോൾ ഗലീലയിലും യെഹൂദ്യയിലുമുള്ള സകലഗ്രാമത്തിൽനിന്നും യെരൂശലേമിൽനിന്നും വന്ന പരീശന്മാരും ന്യായശാസ്ത്രിമാരും അവിടെ ഇരുന്നിരുന്നു. സൌഖ്യമാക്കുവാൻ കർത്താവിന്റെ ശക്തി അവനോടുകൂടെ ഉണ്ടായിരുന്നു.","ലൂക്കോസ് 5:17"
"അവൻ അവരെ കണ്ടിട്ടു: “നിങ്ങൾ പോയി പുരോഹിതന്മാർക്കു നിങ്ങളെ തന്നേ കാണിപ്പിൻ എന്നു പറഞ്ഞു; പോകയിൽ തന്നേ അവർ ശുദ്ധരായ്തീർന്നു.","ലൂക്കോസ് 17:14"
"എന്നാൽ നിങ്ങൾക്കു രോഗശാന്തി വരേണ്ടതിന്നു തമ്മിൽ പാപങ്ങളെ ഏറ്റുപറഞ്ഞു ഒരുവന്നു വേണ്ടി ഒരുവൻ പ്രാർത്ഥിപ്പിൻ. നീതിമാന്റെ ശ്രദ്ധയോടുകൂടിയ പ്രാർത്ഥന വളരെ ഫലിക്കുന്നു.","യാക്കോബ് 5:16"
"വിശ്വസിക്കയും സ്നാനം ഏൽക്കയും ചെയ്യുന്നവൻ രക്ഷിക്കപ്പെടും; വിശ്വസിക്കാത്തവൻ ശിക്ഷാവിധിയിൽ അകപ്പെടും. വിശ്വസിക്കുന്നവരാൽ ഈ അടയാളങ്ങൾ നടക്കും: എന്റെ നാമത്തിൽ അവർ ഭൂതങ്ങളെ പുറത്താക്കും; പുതുഭാഷകളിൽ സംസാരിക്കും; സർപ്പങ്ങളെ പിടിച്ചെടുക്കും; മരണകരമായ യാതൊന്നു കുടിച്ചാലും അവർക്കു ഹാനി വരികയില്ല; രോഗികളുടെ മേൽ കൈവെച്ചാൽ അവർക്കു സൌഖ്യം വരും എന്നു പറഞ്ഞു.","മർക്കൊസ് 16:17, 18"
"നിങ്ങളിൽ ദീനമായി കിടക്കുന്നവൻ സഭയിലെ മൂപ്പന്മാരെ വരുത്തട്ടെ. അവർ കർത്താവിന്റെ നാമത്തിൽ അവനെ എണ്ണ പൂശി അവന്നു വേണ്ടി പ്രാർത്ഥിക്കട്ടെ. എന്നാൽ വിശ്വാസത്തോടുകൂടിയ പ്രാർത്ഥന ദീനക്കാരനെ രക്ഷിക്കും; കർത്താവു അവനെ എഴുന്നേല്പിക്കും; അവൻ പാപം ചെയ്തിട്ടുണ്ടെങ്കിൽ അവനോടു ക്ഷമിക്കും. എന്നാൽ നിങ്ങൾക്കു രോഗശാന്തി വരേണ്ടതിന്നു തമ്മിൽ പാപങ്ങളെ ഏറ്റുപറഞ്ഞു ഒരുവന്നു വേണ്ടി ഒരുവൻ പ്രാർത്ഥിപ്പിൻ. നീതിമാന്റെ ശ്രദ്ധയോടുകൂടിയ പ്രാർത്ഥന വളരെ ഫലിക്കുന്നു.","യാക്കോബ് 5:14, 15, 16"
